stat,adjustment
dex_flat,4070.84
dex_percent,0.0
damage_percent,86.64999999999998
boss_damage,-18.950000000000003
crit_damage,59.94827200000003
crit_rate,18.1952
defense_pen,-0.42199999999999704
final_damage,-63.7132529991422
attack_flat,-22393.0
attack_speed,13.462799999999987
min_dmg_mult,85.63999999999999
max_dmg_mult,160.8
normal_damage,19.75999999999999
skill_damage,21.010000000000005
